-- =============================
-- 1. TABLES (Столи)
-- =============================
INSERT INTO Tables (Table_Number, Capacity, Location) VALUES
(1, 2, 'Зал 1'),
(2, 4, 'Тераса'),
(3, 6, 'Зал 2'),
(4, 4, 'VIP кімната');

-- =============================
-- 2. Таблиця TABLE_STATUS (Статуси столів)
-- =============================
INSERT INTO Table_Status (Table_ID, Status, Status_Time) VALUES
(1, 'вільний', GETDATE()),
(2, 'вільний', GETDATE()),
(3, 'зарезервований', GETDATE()),
(4, 'вільний', GETDATE());

-- =============================
-- 3. GUESTS (Гості)
-- =============================
INSERT INTO Guests (FirstName, LastName, Phone, Email) VALUES
('Іван','Петренко','+380501112233','ivan@example.com'),
('Марія','Коваль','+380671234567','maria@example.com'),
('Олег','Сидоренко','+380931234567','oleg@example.com');

-- =============================
-- 4. MENU (Страви)
-- =============================
INSERT INTO Menu (Name, Price, Ingredients_List, Weight, Allergens, Type) VALUES
('Борщ український', 120, 'буряк, картопля, капуста, м''ясо', 350, 'глютен', 'окрема страва'),
('Котлета по-київськи', 180, 'курятина, масло, паніровка', 250, 'глютен', 'окрема страва'),
('Салат Цезар', 150, 'салат, курка, пармезан, соус', 200, 'лактоза', 'окрема страва'),
('Обідній комплекс №1', 280, NULL, NULL, NULL, 'комплексне меню');

-- =============================
-- 5. INVENTORY (Склад / Інгредієнти)
-- =============================
INSERT INTO Inventory (Name, Unit_of_Measure) VALUES
('Буряк', 'кг'),
('Курятина', 'кг'),
('Салат', 'кг'),
('Масло вершкове', 'кг'),
('Пармезан', 'кг');

-- =============================
-- 6. GROUP_RESERVATIONS
-- =============================
INSERT INTO Group_Reservations (Guest_ID, DateTime, Number_of_People, Deposit, Price, Description) VALUES
(1, '2025-02-18 18:00', 6, 300, 1200, 'Ювілей'),
(2, '2025-02-20 20:00', 4, 200, 800, 'Святкування дня народження');

-- =============================
-- 7. RESERVATIONS
-- =============================
INSERT INTO Reservations (Table_ID, Guest_ID, DateTime, Number_of_People, Deposit, Price, Group_Reservation_ID) VALUES
(3, 1, '2025-02-18 18:00', 6, 300, 1200, 1),
(4, 2, '2025-02-20 20:00', 4, 200, 800, 2),
(1, 3, '2025-02-15 14:00', 2, 0, 400, NULL);

-- =============================
-- 8. EMPLOYEES (Працівники)
-- =============================
INSERT INTO Employees (First_Name, Last_Name, Position, Phone, Hire_Date, Release_Date, Salary) VALUES
('Іван', 'Петренко', 'Офіціант', '380631234567', '2023-01-15', NULL, 18000.00),
('Марія', 'Коваленко', 'Менеджер залу', '380501112233', '2022-11-20', NULL, 25000.00),
('Олег', 'Степаненко', 'Кухар', '380971234567', '2023-02-10', NULL, 22000.00),
('Світлана', 'Гринюк', 'Адміністратор', '380931234569', '2021-05-01', NULL, 27000.00),
('Андрій', 'Шевченко', 'Курʼєр', '380661234555', '2024-03-12', NULL, 16000.00);

-- =============================
-- 9. COMBO_COMPONENTS
-- =============================
INSERT INTO Combo_Components (Combo_ID, Item_ID, Quantity) VALUES
(4, 1, 1),
(4, 2, 1),
(4, 3, 1);

-- =============================
-- 10. ORDERS
-- =============================
INSERT INTO Orders (Guest_ID, Table_ID, Employee_ID, Reservation_ID, DateTime, Status, Total_Amount) VALUES
(1, 3, 1, 1, '2025-02-18 18:30', 'виконуване', 450),
(3, 1, 1, 3, '2025-02-15 14:10', 'закрите', 320),
(2, 4, 2, 2, '2025-02-20 20:15', 'активне', 560);

-- =============================
-- 11. ORDER_ITEMS
-- =============================
INSERT INTO Order_Items (Order_ID, Item_ID, Quantity, Position_Amount) VALUES
(1, 1, 1, 120),
(1, 2, 1, 180),
(1, 3, 1, 150),
(2, 1, 1, 120),
(2, 3, 2, 300),
(3, 4, 2, 560);

-- =============================
-- 12. PAYMENTS
-- =============================
INSERT INTO Payments (Order_ID, Amount, Method, DateTime) VALUES
(1, 200, 'безготівка', '2025-02-18 18:40'),
(1, 250, 'готівка', '2025-02-18 18:45'),
(2, 320, 'готівка', '2025-02-15 15:00');

-- =============================
-- 13. PROMOTIONS
-- =============================
INSERT INTO Promotions (Name, Discount, Start_Date, End_Date, Products) VALUES
('Знижка на обід', 10, '2025-01-01', '2025-12-31', '1,2,3'),
('Сертифікат на 500 грн', 500, '2025-02-01', '2025-12-31', NULL);

-- =============================
-- 14. PRODUCT_BATCHES
-- =============================
INSERT INTO Product_Batches (Product_ID, Quantity, Delivery_Date, Expiry_Date, Purchase_Price) VALUES
(1, 50, '2025-02-01', '2025-04-30', 20),
(2, 30, '2025-02-01', '2025-03-15', 120),
(3, 20, '2025-02-01', '2025-02-28', 90),
(4, 10, '2025-02-01', '2025-06-01', 200),
(5, 8, '2025-02-01', '2025-05-10', 350);

-- =============================
-- 15. DELIVERIES
-- =============================
INSERT INTO Deliveries (Supplier, Date, Total_Amount) VALUES
('ТОВ "СмакПостач"', '2025-02-01', 25000),
('ФОП Петренко', '2025-02-10', 12000);

-- =============================
-- 16. DELIVERY_ITEMS
-- =============================
INSERT INTO Delivery_Items (Delivery_ID, Product_ID, Batch_ID, Quantity, Unit_Price) VALUES
(1, 1, 1, 50, 20),
(1, 2, 2, 30, 120),
(1, 3, 3, 20, 90),
(2, 4, 4, 10, 200),
(2, 5, 5, 8, 350);